{"nodes":[{"pattern":"*.jsp","class":"FilePattern","id":"jspFilter","type":"Condition","active":true},{"pattern":"style\\.pixelTop\\s*=(\\s?(.|\\s)*?);","replace":"style.top = $1 + \"px\";","flags":0,"class":"ReplaceText","id":"pTopCleaner","type":"Action","active":true},{"pattern":"eval\\('(.+?)'\\s+?[+\\-*]+\\s+([a-z]+).+;","replace":"$1$2;","flags":0,"class":"ReplaceText","id":"evalCleaner","type":"Action","active":true},{"pattern":"style\\.pixelLeft\\s*=(\\s?(.|\\s)*?);","replace":"style.left = $1 + \"px\";","flags":0,"class":"ReplaceText","id":"pLeftCleaner","type":"Action","active":true},{"pattern":"style\\.pixelRight\\s*=(\\s?(.|\\s)*?);","replace":"style.right = $1 + \"px\";","flags":0,"class":"ReplaceText","id":"pRightCleaner","type":"Action","active":true}],"lastWorkingDirectory":null,"name":null,"description":null,"graph":"strict digraph G {\r\n  START_NODE [ label=\"START_NODE\" ];\r\n  END_NODE [ label=\"END_NODE\" ];\r\n  FAIL_NODE [ label=\"FAIL_NODE\" ];\r\n  jspFilter [ label=\"jspFilter\" ];\r\n  pTopCleaner [ label=\"pTopCleaner\" ];\r\n  evalCleaner [ label=\"evalCleaner\" ];\r\n  pLeftCleaner [ label=\"pLeftCleaner\" ];\r\n  pRightCleaner [ label=\"pRightCleaner\" ];\r\n  START_NODE -> jspFilter [ label=\"et1382953489\" ];\r\n  pRightCleaner -> END_NODE [ label=\"et272317364\" ];\r\n  pLeftCleaner -> pRightCleaner [ label=\"et449186947\" ];\r\n  evalCleaner -> pTopCleaner [ label=\"et198070401\" ];\r\n  pTopCleaner -> pLeftCleaner [ label=\"et576680207\" ];\r\n  jspFilter -> evalCleaner [ label=\"et658489955\" ];\r\n  jspFilter -> FAIL_NODE [ label=\"ef480817486\" ];\r\n}\r\n"}